Datetime,Water Level (m)
2025-07-01 06:00:00,-0.1454522
2025-07-01 07:00:00,0.13363823
2025-07-01 08:00:00,0.476151
2025-07-01 09:00:00,0.81335217
2025-07-01 10:00:00,1.0766045
2025-07-01 11:00:00,1.2262689
2025-07-01 12:00:00,1.2090346
2025-07-01 13:00:00,0.9758863
2025-07-01 14:00:00,0.6866762
2025-07-01 15:00:00,0.44140247
2025-07-01 16:00:00,0.23982562
2025-07-01 17:00:00,0.07897113
2025-07-01 18:00:00,-0.044155493
2025-07-01 19:00:00,-0.06707239
2025-07-01 20:00:00,0.2305148
2025-07-01 21:00:00,0.56582934
2025-07-01 22:00:00,0.8384867
2025-07-01 23:00:00,1.0061046
2025-07-02 00:00:00,1.0323293
2025-07-02 01:00:00,0.90654343
2025-07-02 02:00:00,0.67806554
2025-07-02 03:00:00,0.4638916
2025-07-02 04:00:00,0.28438973
2025-07-02 05:00:00,0.14359945
2025-07-02 06:00:00,0.047236335
2025-07-02 07:00:00,0.045203604
2025-07-02 08:00:00,0.33106402
2025-07-02 09:00:00,0.7009301
2025-07-02 10:00:00,1.0072892
2025-07-02 11:00:00,1.2023907
2025-07-02 12:00:00,1.2377118
2025-07-02 13:00:00,1.0895671
2025-07-02 14:00:00,0.8248451
2025-07-02 15:00:00,0.58985955
2025-07-02 16:00:00,0.398151
2025-07-02 17:00:00,0.24290985
2025-07-02 18:00:00,0.1191006
2025-07-02 19:00:00,0.039978135
2025-07-02 20:00:00,0.0696359
2025-07-02 21:00:00,0.37027508
2025-07-02 22:00:00,0.69069415
2025-07-02 23:00:00,0.9554025
2025-07-03 00:00:00,1.1152834
2025-07-03 01:00:00,1.1322625
2025-07-03 02:00:00,0.98249406
2025-07-03 03:00:00,0.74463624
2025-07-03 04:00:00,0.5349874
2025-07-03 05:00:00,0.36902738
2025-07-03 06:00:00,0.24793603
2025-07-03 07:00:00,0.1878559
2025-07-03 08:00:00,0.27295694
2025-07-03 09:00:00,0.55678785
2025-07-03 10:00:00,0.8476934
2025-07-03 11:00:00,1.0731559
2025-07-03 12:00:00,1.1955597
2025-07-03 13:00:00,1.1819806
2025-07-03 14:00:00,1.0211481
2025-07-03 15:00:00,0.7945736
2025-07-03 16:00:00,0.58428913
2025-07-03 17:00:00,0.40438357
2025-07-03 18:00:00,0.2559509
2025-07-03 19:00:00,0.13722512
2025-07-03 20:00:00,0.07543922
2025-07-03 21:00:00,0.18703985
2025-07-03 22:00:00,0.5004094
2025-07-03 23:00:00,0.7695858
2025-07-04 00:00:00,0.97013235
2025-07-04 01:00:00,1.0756661
2025-07-04 02:00:00,1.0657643
2025-07-04 03:00:00,0.9280723
2025-07-04 04:00:00,0.7207758
2025-07-04 05:00:00,0.53156334
2025-07-04 06:00:00,0.37999418
2025-07-04 07:00:00,0.27442998
2025-07-04 08:00:00,0.22470728
2025-07-04 09:00:00,0.28410083
2025-07-04 10:00:00,0.52093416
2025-07-04 11:00:00,0.7799472
2025-07-04 12:00:00,0.98206383
2025-07-04 13:00:00,1.0799147
2025-07-04 14:00:00,1.0421644
2025-07-04 15:00:00,0.86880803
2025-07-04 16:00:00,0.6611334
2025-07-04 17:00:00,0.47073957
2025-07-04 18:00:00,0.31215554
2025-07-04 19:00:00,0.18028188
2025-07-04 20:00:00,0.08116007
2025-07-04 21:00:00,0.04547575
2025-07-04 22:00:00,0.17261219
2025-07-04 23:00:00,0.4536339
2025-07-05 00:00:00,0.70282096
2025-07-05 01:00:00,0.90476096
2025-07-05 02:00:00,1.0307549
2025-07-05 03:00:00,1.058315
2025-07-05 04:00:00,0.97834057
2025-07-05 05:00:00,0.7945612
2025-07-05 06:00:00,0.6052466
2025-07-05 07:00:00,0.4438877
2025-07-05 08:00:00,0.32281855
2025-07-05 09:00:00,0.26436678
2025-07-05 10:00:00,0.31153357
2025-07-05 11:00:00,0.5010059
2025-07-05 12:00:00,0.7171658
2025-07-05 13:00:00,0.879131
2025-07-05 14:00:00,0.9570819
2025-07-05 15:00:00,0.931671
2025-07-05 16:00:00,0.80799496
2025-07-05 17:00:00,0.6342119
2025-07-05 18:00:00,0.45436504
2025-07-05 19:00:00,0.28831038
2025-07-05 20:00:00,0.1521221
2025-07-05 21:00:00,0.05316488
2025-07-05 22:00:00,0.017266627
2025-07-05 23:00:00,0.15182522
2025-07-06 00:00:00,0.44438776
2025-07-06 01:00:00,0.7264726
2025-07-06 02:00:00,0.9438844
2025-07-06 03:00:00,1.0817493
2025-07-06 04:00:00,1.111074
2025-07-06 05:00:00,1.0279788
2025-07-06 06:00:00,0.8223068
2025-07-06 07:00:00,0.6042878
2025-07-06 08:00:00,0.4244395
2025-07-06 09:00:00,0.29257897
2025-07-06 10:00:00,0.20510508
2025-07-06 11:00:00,0.18384348
2025-07-06 12:00:00,0.30602476
2025-07-06 13:00:00,0.56479216
2025-07-06 14:00:00,0.7920445
2025-07-06 15:00:00,0.9381863
2025-07-06 16:00:00,0.96953994
2025-07-06 17:00:00,0.8711259
2025-07-06 18:00:00,0.68772674
2025-07-06 19:00:00,0.49819136
2025-07-06 20:00:00,0.3320591
2025-07-06 21:00:00,0.19934459
2025-07-06 22:00:00,0.098840654
2025-07-06 23:00:00,0.054017052
2025-07-07 00:00:00,0.17508885
2025-07-07 01:00:00,0.49003276
2025-07-07 02:00:00,0.7895445
2025-07-07 03:00:00,1.0302931
2025-07-07 04:00:00,1.1771026
2025-07-07 05:00:00,1.2195919
2025-07-07 06:00:00,1.1440849
